<?xml version="1.0" encoding="UTF-8"?>
<project-private xmlns="http://www.netbeans.org/ns/project-private/1">
    <editor-bookmarks xmlns="http://www.netbeans.org/ns/editor-bookmarks/2" lastBookmarkId="0"/>
    <open-files xmlns="http://www.netbeans.org/ns/projectui-open-files/2">
        <group>
            <file>file:/C:/Users/RicardoPupo/Documents/NetBeansProjects/WebAppQuizNot/src/java/com/domain/quiz/Quiz.java</file>
            <file>file:/C:/Users/RicardoPupo/Documents/NetBeansProjects/WebAppQuizNot/web/index.jsp</file>
            <file>file:/C:/Users/RicardoPupo/Documents/NetBeansProjects/WebAppQuizNot/web/test.jsp</file>
            <file>file:/C:/Users/RicardoPupo/Documents/NetBeansProjects/WebAppQuizNot/src/java/com/domain/quiz/Question.java</file>
        </group>
    </open-files>
</project-private>
